[
  {
    "account": "1.wam",
    "email": "1.wam@hotmail.com",
    "password": "1234",
    "secret": "XXXX XXXX XXXX XXXX"
  },
  {
    "account": "2.wam",
    "email": "2.wam@hotmail.com",
    "password": "1234",
    "secret": "XXXX XXXX XXXX XXXX"
  },
  {
    "account": "3.wam",
    "email": "3.wam@hotmail.com",
    "password": "1234",
    "secret": "XXXX XXXX XXXX XXXX"
  },
  {
    "account": "4.wam",
    "email": "4.wam@hotmail.com",
    "password": "1234",
    "secret": "XXXX XXXX XXXX XXXX"
  },
  {
    "account": "5.wam",
    "email": "5.wam@hotmail.com",
    "password": "1234",
    "secret": "XXXX XXXX XXXX XXXX"
  },
  {
    "account": "6.wam",
    "email": "6.wam@hotmail.com",
    "password": "1234",
    "secret": "XXXX XXXX XXXX XXXX"
  },
  {
    "account": "7.wam",
    "email": "7.wam@hotmail.com",
    "password": "1234",
    "secret": "XXXX XXXX XXXX XXXX"
  },
  {
    "account": "8.wam",
    "email": "8.wam@hotmail.com",
    "password": "1234",
    "secret": "XXXX XXXX XXXX XXXX"
  }
]
